<application>
  <component name="libraryTable">
    <library name="bootstrap" type="javaScript">
      <CLASSES>
        <root url="file://$APPLICATION_CONFIG_DIR$/javascript/extLibs/http_maxcdn.bootstrapcdn.com_bootstrap_3.3.7_js_bootstrap.js" />
      </CLASSES>
      <SOURCES />
    </library>
    <library name="bootstrap-select" type="javaScript">
      <CLASSES>
        <root url="file://$APPLICATION_CONFIG_DIR$/javascript/extLibs/http_o71tgbe5a.bkt.clouddn.com_erp_js_bootstrap-select.min.js" />
      </CLASSES>
      <SOURCES />
    </library>
    <library name="jquery" type="javaScript">
      <properties>
        <option name="frameworkName" value="jQuery" />
      </properties>
      <CLASSES>
        <root url="file://$APPLICATION_CONFIG_DIR$/javascript/extLibs/http_cdnjs.cloudflare.com_ajax_libs_jquery_3.1.1_jquery.js" />
      </CLASSES>
      <DOCUMENTATION>
        <root url="http://api.jquery.com" />
      </DOCUMENTATION>
      <SOURCES />
    </library>
    <library name="pusher" type="javaScript">
      <CLASSES>
        <root url="file://$APPLICATION_CONFIG_DIR$/javascript/extLibs/http_js.pusher.com_4.0_pusher.js" />
      </CLASSES>
      <SOURCES />
    </library>
    <library name="vue" type="javaScript">
      <CLASSES>
        <root url="file://$APPLICATION_CONFIG_DIR$/javascript/extLibs/http_unpkg.com_vue_dist_vue.js" />
      </CLASSES>
      <SOURCES />
    </library>
    <library name="vue-resource1.0.3" type="javaScript">
      <CLASSES>
        <root url="file://$APPLICATION_CONFIG_DIR$/javascript/extLibs/http_media.1fangxin.cn_common_vue-resource1.0.3.min.js" />
      </CLASSES>
      <SOURCES />
    </library>
    <library name="vue2.1.4" type="javaScript">
      <CLASSES>
        <root url="file://$APPLICATION_CONFIG_DIR$/javascript/extLibs/http_media.1fangxin.cn_common_vue2.1.4.js" />
        <root url="file://$APPLICATION_CONFIG_DIR$/javascript/extLibs/http_media.1fangxin.cn_common_vue2.1.4.min.js" />
      </CLASSES>
      <SOURCES />
    </library>
  </component>
</application>