<application>
  <component name="NotificationConfiguration">
    <notification groupId="Common Version Control Messages" displayType="TOOL_WINDOW" />
    <notification groupId="Git Important Messages" displayType="STICKY_BALLOON" />
    <notification groupId="Git Messages" displayType="TOOL_WINDOW" />
    <notification groupId="IDE Usage Statistics" displayType="STICKY_BALLOON" shouldLog="false" />
    <notification groupId="ideavim-sticky" displayType="STICKY_BALLOON" />
    <notification groupId="JavaScript Library Management" displayType="STICKY_BALLOON" />
    <notification groupId="PHPUnit" displayType="TOOL_WINDOW" />
    <notification groupId="Update Checker" displayType="STICKY_BALLOON" />
    <notification groupId="Upsource" displayType="STICKY_BALLOON" />
    <notification groupId="Vcs Important Messages" displayType="STICKY_BALLOON" />
    <notification groupId="Web Deployment" displayType="TOOL_WINDOW" shouldLog="false" />
  </component>
</application>