<application>
  <component name="ApplicationTasksOptions">
    <TaskOptions isEnabled="true">
      <option name="arguments" value="--no-cache --update $FileName$:$FileNameWithoutExtension$.css" />
      <option name="checkSyntaxErrors" value="true" />
      <option name="description" />
      <option name="exitCodeBehavior" value="ERROR" />
      <option name="fileExtension" value="sass" />
      <option name="immediateSync" value="true" />
      <option name="name" value="Sass" />
      <option name="output" value="$FileNameWithoutExtension$.css:$FileNameWithoutExtension$.css.map" />
      <option name="outputFilters">
        <array />
      </option>
      <option name="outputFromStdout" value="false" />
      <option name="program" value="" />
      <option name="scopeName" value="Project Files" />
      <option name="trackOnlyRoot" value="true" />
      <option name="workingDir" value="$FileDir$" />
      <envs />
    </TaskOptions>
    <TaskOptions isEnabled="false">
      <option name="arguments" value="php-cs-fixer-v2.phar fix $FilePath$" />
      <option name="checkSyntaxErrors" value="true" />
      <option name="description" />
      <option name="exitCodeBehavior" value="ALWAYS" />
      <option name="fileExtension" value="php" />
      <option name="immediateSync" value="false" />
      <option name="name" value="PHP CS FIXER" />
      <option name="output" value="" />
      <option name="outputFilters">
        <array />
      </option>
      <option name="outputFromStdout" value="false" />
      <option name="program" value="php" />
      <option name="scopeName" value="Project Files" />
      <option name="trackOnlyRoot" value="false" />
      <option name="workingDir" value="$ProjectFileDir$" />
      <envs />
    </TaskOptions>
  </component>
</application>