<application>
  <component name="WebServers">
    <option name="servers">
      <webServer id="2b83fdaa-105d-43bc-9e00-6e6be9949198" name="xibei_sftp" url="http://zz10.xibeidev.com/admin">
        <fileTransfer host="60.205.209.177" port="22" privateKey="$USER_HOME$/.ssh/id_rsa" rootFolder="/home/lipeng/dev" accessType="SFTP" keyPair="true">
          <advancedOptions>
            <advancedOptions dataProtectionLevel="Private" passiveMode="true" shareSSLContext="true" />
          </advancedOptions>
          <option name="port" value="22" />
        </fileTransfer>
      </webServer>
    </option>
    <groups>
      <group>
        <name>xibei_server</name>
        <servers>
          <name value="xibei_sftp" />
        </servers>
      </group>
    </groups>
  </component>
</application>