<keymap version="1" name="Default copy" parent="$default">
  <action id="Back">
    <mouse-shortcut keystroke="control button5" />
  </action>
  <action id="ChangesView.GroupBy.Directory" />
  <action id="EditorLookupUp" />
  <action id="EditorScrollUp" />
  <action id="FileChooser.TogglePathShowing" />
  <action id="Forward">
    <keyboard-shortcut first-keystroke="ctrl alt right" />
    <mouse-shortcut keystroke="control button4" />
  </action>
  <action id="GotoClass">
    <keyboard-shortcut first-keystroke="ctrl o" />
  </action>
  <action id="GotoFile">
    <keyboard-shortcut first-keystroke="ctrl p" />
  </action>
  <action id="MethodOverloadSwitchUp" />
  <action id="OverrideMethods" />
  <action id="ParameterInfo" />
  <action id="ShowNavBar">
    <keyboard-shortcut first-keystroke="ctrl up" />
  </action>
  <action id="ShowSettings">
    <keyboard-shortcut first-keystroke="alt comma" />
  </action>
  <action id="Tool_External Tools_php cs fixer">
    <keyboard-shortcut first-keystroke="alt l" />
  </action>
</keymap>