<keymap version="1" name="Laravel" parent="Mac OS X 10.5+">
  <action id="$Copy">
    <keyboard-shortcut first-keystroke="ctrl c" />
  </action>
  <action id="$Cut" />
  <action id="$Delete">
    <keyboard-shortcut first-keystroke="delete" />
    <keyboard-shortcut first-keystroke="back_space" />
    <keyboard-shortcut first-keystroke="meta back_space" />
    <keyboard-shortcut first-keystroke="ctrl d" />
  </action>
  <action id="$Paste">
    <keyboard-shortcut first-keystroke="ctrl v" />
  </action>
  <action id="$Redo">
    <keyboard-shortcut first-keystroke="meta y" />
  </action>
  <action id="$Undo">
    <keyboard-shortcut first-keystroke="ctrl z" />
  </action>
  <action id="Activate1024ToolsToolWindow">
    <keyboard-shortcut first-keystroke="meta back_slash" />
  </action>
  <action id="ActivateDatabaseToolWindow">
    <keyboard-shortcut first-keystroke="alt 0" />
  </action>
  <action id="ActivateFavoritesToolWindow" />
  <action id="ActivateFindToolWindow" />
  <action id="ActivateProjectToolWindow">
    <keyboard-shortcut first-keystroke="alt 1" />
  </action>
  <action id="ActivateStructureToolWindow">
    <keyboard-shortcut first-keystroke="meta 3" />
    <keyboard-shortcut first-keystroke="alt 3" />
  </action>
  <action id="ActivateTODOToolWindow">
    <keyboard-shortcut first-keystroke="meta 6" />
    <keyboard-shortcut first-keystroke="alt 6" />
  </action>
  <action id="ActivateTerminalToolWindow">
    <keyboard-shortcut first-keystroke="alt 2" />
  </action>
  <action id="ActivateVersionControlToolWindow">
    <keyboard-shortcut first-keystroke="alt 9" />
  </action>
  <action id="Back">
    <mouse-shortcut keystroke="button5" />
    <keyboard-shortcut first-keystroke="alt open_bracket" />
  </action>
  <action id="CloseProject">
    <keyboard-shortcut first-keystroke="shift meta w" />
  </action>
  <action id="CodeCompletion">
    <keyboard-shortcut first-keystroke="shift space" />
  </action>
  <action id="CollapseDocComments">
    <keyboard-shortcut first-keystroke="alt minus" />
  </action>
  <action id="CommentByBlockComment">
    <keyboard-shortcut first-keystroke="meta alt divide" />
    <keyboard-shortcut first-keystroke="shift ctrl slash" />
    <keyboard-shortcut first-keystroke="shift ctrl divide" />
    <keyboard-shortcut first-keystroke="shift meta slash" />
    <keyboard-shortcut first-keystroke="shift meta divide" />
  </action>
  <action id="CommentByLineComment">
    <keyboard-shortcut first-keystroke="ctrl slash" />
  </action>
  <action id="CompareDirs" />
  <action id="CompareTwoFiles" />
  <action id="Console.TableResult.EditValue">
    <keyboard-shortcut first-keystroke="alt enter" />
  </action>
  <action id="CopyPaths">
    <keyboard-shortcut first-keystroke="shift ctrl c" />
  </action>
  <action id="Debug" />
  <action id="DomCollectionControl.Remove">
    <keyboard-shortcut first-keystroke="back_space" />
    <keyboard-shortcut first-keystroke="meta back_space" />
  </action>
  <action id="DomElementsTreeView.DeleteElement">
    <keyboard-shortcut first-keystroke="back_space" />
    <keyboard-shortcut first-keystroke="meta back_space" />
  </action>
  <action id="DuplicatesForm.SendToRight" />
  <action id="Editor Copy">
    <keyboard-shortcut first-keystroke="ctrl c" />
  </action>
  <action id="Editor Paste">
    <keyboard-shortcut first-keystroke="ctrl v" />
  </action>
  <action id="Editor Redo">
    <keyboard-shortcut first-keystroke="meta y" />
  </action>
  <action id="Editor Undo">
    <keyboard-shortcut first-keystroke="ctrl z" />
  </action>
  <action id="EditorBackSpace">
    <keyboard-shortcut first-keystroke="back_space" />
  </action>
  <action id="EditorCodeBlockEnd">
    <keyboard-shortcut first-keystroke="ctrl alt close_bracket" />
  </action>
  <action id="EditorCodeBlockEndWithSelection">
    <keyboard-shortcut first-keystroke="shift ctrl alt close_bracket" />
  </action>
  <action id="EditorCut">
    <keyboard-shortcut first-keystroke="ctrl x" />
  </action>
  <action id="EditorDelete">
    <keyboard-shortcut first-keystroke="ctrl d" />
    <keyboard-shortcut first-keystroke="delete" />
  </action>
  <action id="EditorDeleteLine">
    <keyboard-shortcut first-keystroke="meta back_space" />
    <keyboard-shortcut first-keystroke="ctrl l" />
  </action>
  <action id="EditorDeleteToWordStart">
    <keyboard-shortcut first-keystroke="alt back_space" />
    <keyboard-shortcut first-keystroke="ctrl meta b" />
  </action>
  <action id="EditorDown">
    <keyboard-shortcut first-keystroke="down" />
  </action>
  <action id="EditorDuplicate" />
  <action id="EditorEnter">
    <keyboard-shortcut first-keystroke="enter" />
    <keyboard-shortcut first-keystroke="ctrl o" />
  </action>
  <action id="EditorPageDown">
    <keyboard-shortcut first-keystroke="page_down" />
    <keyboard-shortcut first-keystroke="shift ctrl n" />
  </action>
  <action id="EditorPageUp">
    <keyboard-shortcut first-keystroke="page_up" />
    <keyboard-shortcut first-keystroke="shift ctrl p" />
  </action>
  <action id="EditorPreviousWord">
    <keyboard-shortcut first-keystroke="alt left" />
    <keyboard-shortcut first-keystroke="shift ctrl b" />
  </action>
  <action id="EditorRight">
    <keyboard-shortcut first-keystroke="right" />
  </action>
  <action id="EditorSelectWord">
    <keyboard-shortcut first-keystroke="alt up" />
    <keyboard-shortcut first-keystroke="meta i" />
  </action>
  <action id="EditorUnSelectWord">
    <keyboard-shortcut first-keystroke="alt down" />
    <keyboard-shortcut first-keystroke="alt down" second-keystroke="shift meta i" />
  </action>
  <action id="ExpandDocComments">
    <keyboard-shortcut first-keystroke="alt equals" />
  </action>
  <action id="ExportToTextFile" />
  <action id="FileChooser.GotoDesktop" />
  <action id="FileChooser.GotoModule" />
  <action id="FileChooser.GotoProject" />
  <action id="FileChooser.TogglePathShowing" />
  <action id="FileStructurePopup">
    <keyboard-shortcut first-keystroke="alt r" />
  </action>
  <action id="Find">
    <keyboard-shortcut first-keystroke="ctrl f" />
  </action>
  <action id="FindInPath">
    <keyboard-shortcut first-keystroke="shift ctrl f" />
  </action>
  <action id="FindNext">
    <keyboard-shortcut first-keystroke="alt g" />
  </action>
  <action id="FindPrevious">
    <keyboard-shortcut first-keystroke="shift alt g" />
  </action>
  <action id="Forward">
    <keyboard-shortcut first-keystroke="alt close_bracket" />
    <mouse-shortcut keystroke="button4" />
  </action>
  <action id="GotoDeclaration">
    <mouse-shortcut keystroke="control button1" />
  </action>
  <action id="GotoFile">
    <keyboard-shortcut first-keystroke="alt p" />
  </action>
  <action id="GotoImplementation">
    <keyboard-shortcut first-keystroke="meta alt b" />
  </action>
  <action id="GotoNextError" />
  <action id="GotoTypeDeclaration" />
  <action id="Graph.Delete">
    <keyboard-shortcut first-keystroke="back_space" />
    <keyboard-shortcut first-keystroke="meta back_space" />
  </action>
  <action id="ImplementMethods" />
  <action id="NextTab">
    <keyboard-shortcut first-keystroke="shift meta close_bracket" />
  </action>
  <action id="OpenDirectoryProject">
    <keyboard-shortcut first-keystroke="ctrl meta o" />
  </action>
  <action id="OverrideMethods" />
  <action id="ParameterInfo" />
  <action id="PreviousTab">
    <keyboard-shortcut first-keystroke="shift meta open_bracket" />
  </action>
  <action id="QuickImplementations">
    <keyboard-shortcut first-keystroke="alt space" />
  </action>
  <action id="RecentChangedFiles">
    <keyboard-shortcut first-keystroke="shift alt e" />
  </action>
  <action id="RecentFiles">
    <keyboard-shortcut first-keystroke="alt e" />
  </action>
  <action id="ReformatCode">
    <keyboard-shortcut first-keystroke="meta alt k" />
  </action>
  <action id="Refresh" />
  <action id="RenameElement">
    <keyboard-shortcut first-keystroke="f2" />
  </action>
  <action id="Replace">
    <keyboard-shortcut first-keystroke="alt f" />
  </action>
  <action id="ReplaceInPath">
    <keyboard-shortcut first-keystroke="shift meta r" />
    <keyboard-shortcut first-keystroke="shift alt r" />
  </action>
  <action id="Rerun" />
  <action id="SavaAs" />
  <action id="SelectNextOccurrence">
    <keyboard-shortcut first-keystroke="meta d" />
  </action>
  <action id="SendEOF" />
  <action id="ShowSettings">
    <keyboard-shortcut first-keystroke="alt comma" />
  </action>
  <action id="ShowUsages">
    <mouse-shortcut keystroke="meta alt button1" />
  </action>
  <action id="SmartTypeCompletion">
    <keyboard-shortcut first-keystroke="meta alt space" />
  </action>
  <action id="SplitHorizontally">
    <keyboard-shortcut first-keystroke="alt h" />
  </action>
  <action id="SplitVertically">
    <keyboard-shortcut first-keystroke="alt v" />
  </action>
  <action id="StringManipulation.SortByLenghtAscAction">
    <keyboard-shortcut first-keystroke="ctrl meta s" />
  </action>
  <action id="StringManipulation.SortCaseInSensitiveAzAction">
    <keyboard-shortcut first-keystroke="shift meta s" />
  </action>
  <action id="StringManipulation.ToSnakeCaseOrCamelCase">
    <keyboard-shortcut first-keystroke="shift meta j" />
    <keyboard-shortcut first-keystroke="alt j" />
  </action>
  <action id="SwitchApply">
    <keyboard-shortcut first-keystroke="ctrl alt enter" />
  </action>
  <action id="SwitchDown">
    <keyboard-shortcut first-keystroke="ctrl alt down" />
  </action>
  <action id="SwitchLeft">
    <keyboard-shortcut first-keystroke="ctrl alt left" />
  </action>
  <action id="SwitchRight">
    <keyboard-shortcut first-keystroke="ctrl alt right" />
  </action>
  <action id="SwitchUp">
    <keyboard-shortcut first-keystroke="ctrl alt up" />
  </action>
  <action id="ToggleDistractionFreeMode">
    <keyboard-shortcut first-keystroke="ctrl meta u" />
  </action>
  <action id="Tool_External Tools_php cs fixer">
    <keyboard-shortcut first-keystroke="alt l" />
  </action>
  <action id="TypeHierarchy" />
  <action id="UsageView.Exclude">
    <keyboard-shortcut first-keystroke="back_space" />
    <keyboard-shortcut first-keystroke="meta back_space" />
  </action>
  <action id="Vcs.Log.GoToRef" />
  <action id="Vcs.QuickListPopupAction" />
  <action id="Vcs.ShowTabbedFileHistory">
    <keyboard-shortcut first-keystroke="alt 8" />
  </action>
  <action id="com.jetbrains.php.composer.addDependency.ComposerAddDependencyAction">
    <keyboard-shortcut first-keystroke="ctrl meta alt c" />
  </action>
  <action id="intellij.frontendalignement.AlignItAction">
    <keyboard-shortcut first-keystroke="shift meta i" />
  </action>
  <action id="osmedile.intellij.stringmanip.ToLowerCaseAction">
    <keyboard-shortcut first-keystroke="shift ctrl l" />
    <keyboard-shortcut first-keystroke="alt l" />
  </action>
  <action id="osmedile.intellij.stringmanip.ToUpperCaseAction">
    <keyboard-shortcut first-keystroke="shift ctrl u" />
    <keyboard-shortcut first-keystroke="alt u" />
  </action>
</keymap>